<metadata xml:lang="en"><Esri><CreaDate>20231124</CreaDate><CreaTime>15405400</CreaTime><ArcGISFormat>1.0</ArcGISFormat><SyncOnce>FALSE</SyncOnce><DataProperties><itemProps><itemName Sync="TRUE">Wonegizi PA</itemName><imsContentType Sync="TRUE">002</imsContentType><itemSize Sync="TRUE">0.000</itemSize><itemLocation><linkage Sync="TRUE">file://\\SGREGORYEXJKNOX\C$\Users\ithomas\OneDrive - Fauna &amp; Flora\Documents\India GIS\Articulate\Basic Geoprocessing\Created materials\Protected Areas\Wonegizi PA.shp</linkage><protocol Sync="TRUE">Local Area Network</protocol></itemLocation></itemProps><coordRef><type Sync="TRUE">Projected</type><geogcsn Sync="TRUE">GCS_WGS_1984</geogcsn><csUnits Sync="TRUE">Linear Unit: Meter (1.000000)</csUnits><peXml Sync="TRUE">&lt;ProjectedCoordinateSystem xsi:type='typens:ProjectedCoordinateSystem' xmlns:xsi='http://www.w3.org/2001/XMLSchema-instance' xmlns:xs='http://www.w3.org/2001/XMLSchema' xmlns:typens='http://www.esri.com/schemas/ArcGIS/3.0.0'&gt;&lt;WKT&gt;PROJCS[&amp;quot;WGS_1984_Web_Mercator_Auxiliary_Sphere&amp;quot;,GEOGCS[&amp;quot;GCS_WGS_1984&amp;quot;,DATUM[&amp;quot;D_WGS_1984&amp;quot;,SPHEROID[&amp;quot;WGS_1984&amp;quot;,6378137.0,298.257223563]],PRIMEM[&amp;quot;Greenwich&amp;quot;,0.0],UNIT[&amp;quot;Degree&amp;quot;,0.0174532925199433]],PROJECTION[&amp;quot;Mercator_Auxiliary_Sphere&amp;quot;],PARAMETER[&amp;quot;False_Easting&amp;quot;,0.0],PARAMETER[&amp;quot;False_Northing&amp;quot;,0.0],PARAMETER[&amp;quot;Central_Meridian&amp;quot;,0.0],PARAMETER[&amp;quot;Standard_Parallel_1&amp;quot;,0.0],PARAMETER[&amp;quot;Auxiliary_Sphere_Type&amp;quot;,0.0],UNIT[&amp;quot;Meter&amp;quot;,1.0],AUTHORITY[&amp;quot;EPSG&amp;quot;,3857]]&lt;/WKT&gt;&lt;XOrigin&gt;-20037700&lt;/XOrigin&gt;&lt;YOrigin&gt;-30241100&lt;/YOrigin&gt;&lt;XYScale&gt;148923141.92838538&lt;/XYScale&gt;&lt;ZOrigin&gt;-100000&lt;/ZOrigin&gt;&lt;ZScale&gt;10000&lt;/ZScale&gt;&lt;MOrigin&gt;-100000&lt;/MOrigin&gt;&lt;MScale&gt;10000&lt;/MScale&gt;&lt;XYTolerance&gt;0.001&lt;/XYTolerance&gt;&lt;ZTolerance&gt;0.001&lt;/ZTolerance&gt;&lt;MTolerance&gt;0.001&lt;/MTolerance&gt;&lt;HighPrecision&gt;true&lt;/HighPrecision&gt;&lt;WKID&gt;102100&lt;/WKID&gt;&lt;LatestWKID&gt;3857&lt;/LatestWKID&gt;&lt;/ProjectedCoordinateSystem&gt;</peXml><projcsn Sync="TRUE">WGS_1984_Web_Mercator_Auxiliary_Sphere</projcsn></coordRef><lineage><Process ToolSource="c:\program files (x86)\arcgis\desktop10.1\ArcToolbox\Toolboxes\Analysis Tools.tbx\Clip" Date="20160817" Time="153720">Clip WDPA_May2016-shapefile-polygons Liberia_country C:\JKNOX_GIS\REDD\PROTECTED_AREAS2016.shp #</Process><Process ToolSource="c:\program files\arcgis\pro\Resources\ArcToolbox\toolboxes\Conversion Tools.tbx\FeatureClassToFeatureClass" Date="20200124" Time="132658">FeatureClassToFeatureClass ZWW\Wonegizi "C:\Users\SGregory\OneDrive - Fauna &amp; Flora International\Landscape_Level_Assessment\GIS\FinalMaps\FinalMaps.gdb" Wonegizi # "WDPAID "WDPAID" true true false 19 Double 15 18,First,#,ZWW\Wonegizi,WDPAID,-1,-1;WDPA_PID "WDPA_PID" true true false 19 Double 15 18,First,#,ZWW\Wonegizi,WDPA_PID,-1,-1;PA_DEF "PA_DEF" true true false 80 Text 0 0,First,#,ZWW\Wonegizi,PA_DEF,0,80;NAME "NAME" true true false 218 Text 0 0,First,#,ZWW\Wonegizi,NAME,0,218;ORIG_NAME "ORIG_NAME" true true false 218 Text 0 0,First,#,ZWW\Wonegizi,ORIG_NAME,0,218;DESIG "DESIG" true true false 95 Text 0 0,First,#,ZWW\Wonegizi,DESIG,0,95;DESIG_ENG "DESIG_ENG" true true false 100 Text 0 0,First,#,ZWW\Wonegizi,DESIG_ENG,0,100;DESIG_TYPE "DESIG_TYPE" true true false 80 Text 0 0,First,#,ZWW\Wonegizi,DESIG_TYPE,0,80;IUCN_CAT "IUCN_CAT" true true false 80 Text 0 0,First,#,ZWW\Wonegizi,IUCN_CAT,0,80;INT_CRIT "INT_CRIT" true true false 80 Text 0 0,First,#,ZWW\Wonegizi,INT_CRIT,0,80;MARINE "MARINE" true true false 80 Text 0 0,First,#,ZWW\Wonegizi,MARINE,0,80;REP_M_AREA "REP_M_AREA" true true false 19 Double 15 18,First,#,ZWW\Wonegizi,REP_M_AREA,-1,-1;GIS_M_AREA "GIS_M_AREA" true true false 19 Double 15 18,First,#,ZWW\Wonegizi,GIS_M_AREA,-1,-1;REP_AREA "REP_AREA" true true false 19 Double 15 18,First,#,ZWW\Wonegizi,REP_AREA,-1,-1;GIS_AREA "GIS_AREA" true true false 19 Double 15 18,First,#,ZWW\Wonegizi,GIS_AREA,-1,-1;NO_TAKE "NO_TAKE" true true false 80 Text 0 0,First,#,ZWW\Wonegizi,NO_TAKE,0,80;NO_TK_AREA "NO_TK_AREA" true true false 19 Double 15 18,First,#,ZWW\Wonegizi,NO_TK_AREA,-1,-1;STATUS "STATUS" true true false 80 Text 0 0,First,#,ZWW\Wonegizi,STATUS,0,80;STATUS_YR "STATUS_YR" true true false 10 Long 0 10,First,#,ZWW\Wonegizi,STATUS_YR,-1,-1;GOV_TYPE "GOV_TYPE" true true false 80 Text 0 0,First,#,ZWW\Wonegizi,GOV_TYPE,0,80;OWN_TYPE "OWN_TYPE" true true false 80 Text 0 0,First,#,ZWW\Wonegizi,OWN_TYPE,0,80;MANG_AUTH "MANG_AUTH" true true false 254 Text 0 0,First,#,ZWW\Wonegizi,MANG_AUTH,0,254;MANG_PLAN "MANG_PLAN" true true false 254 Text 0 0,First,#,ZWW\Wonegizi,MANG_PLAN,0,254;VERIF "VERIF" true true false 80 Text 0 0,First,#,ZWW\Wonegizi,VERIF,0,80;METADATAID "METADATAID" true true false 10 Long 0 10,First,#,ZWW\Wonegizi,METADATAID,-1,-1;SUB_LOC "SUB_LOC" true true false 80 Text 0 0,First,#,ZWW\Wonegizi,SUB_LOC,0,80;PARENT_ISO "PARENT_ISO" true true false 80 Text 0 0,First,#,ZWW\Wonegizi,PARENT_ISO,0,80;ISO3 "ISO3" true true false 80 Text 0 0,First,#,ZWW\Wonegizi,ISO3,0,80" #</Process><Process ToolSource="c:\program files\arcgis\pro\Resources\ArcToolbox\toolboxes\Conversion Tools.tbx\FeatureClassToFeatureClass" Date="20200303" Time="121357">FeatureClassToFeatureClass ZWW\Wonegizi "C:\Users\SGregory\OneDrive - Fauna &amp; Flora International\LLA_Spatial_Data\LLA_Data\LLA.gdb" Wonegizi # "WDPAID "WDPAID" true true false 8 Double 0 0,First,#,ZWW\Wonegizi,WDPAID,-1,-1;WDPA_PID "WDPA_PID" true true false 8 Double 0 0,First,#,ZWW\Wonegizi,WDPA_PID,-1,-1;PA_DEF "PA_DEF" true true false 80 Text 0 0,First,#,ZWW\Wonegizi,PA_DEF,0,80;NAME "NAME" true true false 218 Text 0 0,First,#,ZWW\Wonegizi,NAME,0,218;ORIG_NAME "ORIG_NAME" true true false 218 Text 0 0,First,#,ZWW\Wonegizi,ORIG_NAME,0,218;DESIG "DESIG" true true false 95 Text 0 0,First,#,ZWW\Wonegizi,DESIG,0,95;DESIG_ENG "DESIG_ENG" true true false 100 Text 0 0,First,#,ZWW\Wonegizi,DESIG_ENG,0,100;DESIG_TYPE "DESIG_TYPE" true true false 80 Text 0 0,First,#,ZWW\Wonegizi,DESIG_TYPE,0,80;IUCN_CAT "IUCN_CAT" true true false 80 Text 0 0,First,#,ZWW\Wonegizi,IUCN_CAT,0,80;INT_CRIT "INT_CRIT" true true false 80 Text 0 0,First,#,ZWW\Wonegizi,INT_CRIT,0,80;MARINE "MARINE" true true false 80 Text 0 0,First,#,ZWW\Wonegizi,MARINE,0,80;REP_M_AREA "REP_M_AREA" true true false 8 Double 0 0,First,#,ZWW\Wonegizi,REP_M_AREA,-1,-1;GIS_M_AREA "GIS_M_AREA" true true false 8 Double 0 0,First,#,ZWW\Wonegizi,GIS_M_AREA,-1,-1;REP_AREA "REP_AREA" true true false 8 Double 0 0,First,#,ZWW\Wonegizi,REP_AREA,-1,-1;GIS_AREA "GIS_AREA" true true false 8 Double 0 0,First,#,ZWW\Wonegizi,GIS_AREA,-1,-1;NO_TAKE "NO_TAKE" true true false 80 Text 0 0,First,#,ZWW\Wonegizi,NO_TAKE,0,80;NO_TK_AREA "NO_TK_AREA" true true false 8 Double 0 0,First,#,ZWW\Wonegizi,NO_TK_AREA,-1,-1;STATUS "STATUS" true true false 80 Text 0 0,First,#,ZWW\Wonegizi,STATUS,0,80;STATUS_YR "STATUS_YR" true true false 4 Long 0 0,First,#,ZWW\Wonegizi,STATUS_YR,-1,-1;GOV_TYPE "GOV_TYPE" true true false 80 Text 0 0,First,#,ZWW\Wonegizi,GOV_TYPE,0,80;OWN_TYPE "OWN_TYPE" true true false 80 Text 0 0,First,#,ZWW\Wonegizi,OWN_TYPE,0,80;MANG_AUTH "MANG_AUTH" true true false 254 Text 0 0,First,#,ZWW\Wonegizi,MANG_AUTH,0,254;MANG_PLAN "MANG_PLAN" true true false 254 Text 0 0,First,#,ZWW\Wonegizi,MANG_PLAN,0,254;VERIF "VERIF" true true false 80 Text 0 0,First,#,ZWW\Wonegizi,VERIF,0,80;METADATAID "METADATAID" true true false 4 Long 0 0,First,#,ZWW\Wonegizi,METADATAID,-1,-1;SUB_LOC "SUB_LOC" true true false 80 Text 0 0,First,#,ZWW\Wonegizi,SUB_LOC,0,80;PARENT_ISO "PARENT_ISO" true true false 80 Text 0 0,First,#,ZWW\Wonegizi,PARENT_ISO,0,80;ISO3 "ISO3" true true false 80 Text 0 0,First,#,ZWW\Wonegizi,ISO3,0,80;Shape_Length "Shape_Length" false true true 8 Double 0 0,First,#,ZWW\Wonegizi,Shape_Length,-1,-1;Shape_Area "Shape_Area" false true true 8 Double 0 0,First,#,ZWW\Wonegizi,Shape_Area,-1,-1" #</Process><Process ToolSource="c:\users\hbranson\appdata\local\programs\arcgis\pro\Resources\ArcToolbox\toolboxes\Conversion Tools.tbx\FeatureClassToFeatureClass" Date="20200511" Time="113841">FeatureClassToFeatureClass Wonegizi "C:\Users\HBranson\OneDrive - Fauna &amp; Flora International\Analytics\GIS_Clinic\Week 4\Materials" Wonegizi_PA.shp # "WDPAID "WDPAID" true true false 8 Double 0 0,First,#,Wonegizi,WDPAID,-1,-1;WDPA_PID "WDPA_PID" true true false 8 Double 0 0,First,#,Wonegizi,WDPA_PID,-1,-1;PA_DEF "PA_DEF" true true false 80 Text 0 0,First,#,Wonegizi,PA_DEF,0,80;NAME "NAME" true true false 218 Text 0 0,First,#,Wonegizi,NAME,0,218;ORIG_NAME "ORIG_NAME" true true false 218 Text 0 0,First,#,Wonegizi,ORIG_NAME,0,218;DESIG "DESIG" true true false 95 Text 0 0,First,#,Wonegizi,DESIG,0,95;DESIG_ENG "DESIG_ENG" true true false 100 Text 0 0,First,#,Wonegizi,DESIG_ENG,0,100;DESIG_TYPE "DESIG_TYPE" true true false 80 Text 0 0,First,#,Wonegizi,DESIG_TYPE,0,80;IUCN_CAT "IUCN_CAT" true true false 80 Text 0 0,First,#,Wonegizi,IUCN_CAT,0,80;INT_CRIT "INT_CRIT" true true false 80 Text 0 0,First,#,Wonegizi,INT_CRIT,0,80;MARINE "MARINE" true true false 80 Text 0 0,First,#,Wonegizi,MARINE,0,80;REP_M_AREA "REP_M_AREA" true true false 8 Double 0 0,First,#,Wonegizi,REP_M_AREA,-1,-1;GIS_M_AREA "GIS_M_AREA" true true false 8 Double 0 0,First,#,Wonegizi,GIS_M_AREA,-1,-1;REP_AREA "REP_AREA" true true false 8 Double 0 0,First,#,Wonegizi,REP_AREA,-1,-1;GIS_AREA "GIS_AREA" true true false 8 Double 0 0,First,#,Wonegizi,GIS_AREA,-1,-1;NO_TAKE "NO_TAKE" true true false 80 Text 0 0,First,#,Wonegizi,NO_TAKE,0,80;NO_TK_AREA "NO_TK_AREA" true true false 8 Double 0 0,First,#,Wonegizi,NO_TK_AREA,-1,-1;STATUS "STATUS" true true false 80 Text 0 0,First,#,Wonegizi,STATUS,0,80;STATUS_YR "STATUS_YR" true true false 4 Long 0 0,First,#,Wonegizi,STATUS_YR,-1,-1;GOV_TYPE "GOV_TYPE" true true false 80 Text 0 0,First,#,Wonegizi,GOV_TYPE,0,80;OWN_TYPE "OWN_TYPE" true true false 80 Text 0 0,First,#,Wonegizi,OWN_TYPE,0,80;MANG_AUTH "MANG_AUTH" true true false 254 Text 0 0,First,#,Wonegizi,MANG_AUTH,0,254;MANG_PLAN "MANG_PLAN" true true false 254 Text 0 0,First,#,Wonegizi,MANG_PLAN,0,254;VERIF "VERIF" true true false 80 Text 0 0,First,#,Wonegizi,VERIF,0,80;METADATAID "METADATAID" true true false 4 Long 0 0,First,#,Wonegizi,METADATAID,-1,-1;SUB_LOC "SUB_LOC" true true false 80 Text 0 0,First,#,Wonegizi,SUB_LOC,0,80;PARENT_ISO "PARENT_ISO" true true false 80 Text 0 0,First,#,Wonegizi,PARENT_ISO,0,80;ISO3 "ISO3" true true false 80 Text 0 0,First,#,Wonegizi,ISO3,0,80;Shape_Leng "Shape_Length" false true true 8 Double 0 0,First,#,Wonegizi,Shape_Length,-1,-1;Shape_Area "Shape_Area" false true true 8 Double 0 0,First,#,Wonegizi,Shape_Area,-1,-1" #</Process><Process ToolSource="c:\program files\arcgis\pro\Resources\ArcToolbox\toolboxes\Data Management Tools.tbx\Project" Date="20231120" Time="141416">Project Wonegizi_PA "C:\Users\ithomas\OneDrive - Fauna &amp; Flora\Documents\India GIS\Articulate\ArcPro scratchpad\MyProject.gdb\Wonegizi_PA_Project" PROJCS["WGS_1984_UTM_Zone_29N",GEOGCS["GCS_WGS_1984",DATUM["D_WGS_1984",SPHEROID["WGS_1984",6378137.0,298.257223563]],PRIMEM["Greenwich",0.0],UNIT["Degree",0.0174532925199433]],PROJECTION["Transverse_Mercator"],PARAMETER["False_Easting",500000.0],PARAMETER["False_Northing",0.0],PARAMETER["Central_Meridian",-9.0],PARAMETER["Scale_Factor",0.9996],PARAMETER["Latitude_Of_Origin",0.0],UNIT["Meter",1.0]] # GEOGCS["GCS_WGS_1984",DATUM["D_WGS_1984",SPHEROID["WGS_1984",6378137.0,298.257223563]],PRIMEM["Greenwich",0.0],UNIT["Degree",0.0174532925199433]] NO_PRESERVE_SHAPE # NO_VERTICAL</Process><Process ToolSource="c:\program files\arcgis\pro\Resources\ArcToolbox\toolboxes\Conversion Tools.tbx\ExportFeatures" Date="20231120" Time="142153">ExportFeatures Wonegizi_PA_Project "C:\Users\ithomas\OneDrive - Fauna &amp; Flora\Documents\India GIS\Articulate\Basic Geoprocessing\Created materials\Wonegizi_PA.shp" # NOT_USE_ALIAS "WDPAID "WDPAID" true true false 8 Double 0 0,First,#,Wonegizi_PA_Project,WDPAID,-1,-1;WDPA_PID "WDPA_PID" true true false 8 Double 0 0,First,#,Wonegizi_PA_Project,WDPA_PID,-1,-1;PA_DEF "PA_DEF" true true false 80 Text 0 0,First,#,Wonegizi_PA_Project,PA_DEF,0,80;NAME "NAME" true true false 218 Text 0 0,First,#,Wonegizi_PA_Project,NAME,0,218;ORIG_NAME "ORIG_NAME" true true false 218 Text 0 0,First,#,Wonegizi_PA_Project,ORIG_NAME,0,218;DESIG "DESIG" true true false 95 Text 0 0,First,#,Wonegizi_PA_Project,DESIG,0,95;DESIG_ENG "DESIG_ENG" true true false 100 Text 0 0,First,#,Wonegizi_PA_Project,DESIG_ENG,0,100;DESIG_TYPE "DESIG_TYPE" true true false 80 Text 0 0,First,#,Wonegizi_PA_Project,DESIG_TYPE,0,80;IUCN_CAT "IUCN_CAT" true true false 80 Text 0 0,First,#,Wonegizi_PA_Project,IUCN_CAT,0,80;INT_CRIT "INT_CRIT" true true false 80 Text 0 0,First,#,Wonegizi_PA_Project,INT_CRIT,0,80;MARINE "MARINE" true true false 80 Text 0 0,First,#,Wonegizi_PA_Project,MARINE,0,80;REP_M_AREA "REP_M_AREA" true true false 8 Double 0 0,First,#,Wonegizi_PA_Project,REP_M_AREA,-1,-1;GIS_M_AREA "GIS_M_AREA" true true false 8 Double 0 0,First,#,Wonegizi_PA_Project,GIS_M_AREA,-1,-1;REP_AREA "REP_AREA" true true false 8 Double 0 0,First,#,Wonegizi_PA_Project,REP_AREA,-1,-1;GIS_AREA "GIS_AREA" true true false 8 Double 0 0,First,#,Wonegizi_PA_Project,GIS_AREA,-1,-1;NO_TAKE "NO_TAKE" true true false 80 Text 0 0,First,#,Wonegizi_PA_Project,NO_TAKE,0,80;NO_TK_AREA "NO_TK_AREA" true true false 8 Double 0 0,First,#,Wonegizi_PA_Project,NO_TK_AREA,-1,-1;STATUS "STATUS" true true false 80 Text 0 0,First,#,Wonegizi_PA_Project,STATUS,0,80;STATUS_YR "STATUS_YR" true true false 4 Long 0 0,First,#,Wonegizi_PA_Project,STATUS_YR,-1,-1;GOV_TYPE "GOV_TYPE" true true false 80 Text 0 0,First,#,Wonegizi_PA_Project,GOV_TYPE,0,80;OWN_TYPE "OWN_TYPE" true true false 80 Text 0 0,First,#,Wonegizi_PA_Project,OWN_TYPE,0,80;MANG_AUTH "MANG_AUTH" true true false 254 Text 0 0,First,#,Wonegizi_PA_Project,MANG_AUTH,0,254;MANG_PLAN "MANG_PLAN" true true false 254 Text 0 0,First,#,Wonegizi_PA_Project,MANG_PLAN,0,254;VERIF "VERIF" true true false 80 Text 0 0,First,#,Wonegizi_PA_Project,VERIF,0,80;METADATAID "METADATAID" true true false 4 Long 0 0,First,#,Wonegizi_PA_Project,METADATAID,-1,-1;SUB_LOC "SUB_LOC" true true false 80 Text 0 0,First,#,Wonegizi_PA_Project,SUB_LOC,0,80;PARENT_ISO "PARENT_ISO" true true false 80 Text 0 0,First,#,Wonegizi_PA_Project,PARENT_ISO,0,80;ISO3 "ISO3" true true false 80 Text 0 0,First,#,Wonegizi_PA_Project,ISO3,0,80;Shape_Leng "Shape_Leng" true true false 8 Double 0 0,First,#,Wonegizi_PA_Project,Shape_Leng,-1,-1;Shape_Length "Shape_Length" false true true 8 Double 0 0,First,#,Wonegizi_PA_Project,Shape_Length,-1,-1;Shape_Area "Shape_Area" false true true 8 Double 0 0,First,#,Wonegizi_PA_Project,Shape_Area,-1,-1" #</Process><Process ToolSource="c:\program files\arcgis\pro\Resources\ArcToolbox\toolboxes\Data Management Tools.tbx\Project" Date="20231124" Time="154054">Project Wonegizi_PA "C:\Users\ithomas\OneDrive - Fauna &amp; Flora\Documents\India GIS\Articulate\ArcPro scratchpad\MyProject.gdb\Wonegizi_PA_Project" PROJCS["WGS_1984_Web_Mercator_Auxiliary_Sphere",GEOGCS["GCS_WGS_1984",DATUM["D_WGS_1984",SPHEROID["WGS_1984",6378137.0,298.257223563]],PRIMEM["Greenwich",0.0],UNIT["Degree",0.0174532925199433]],PROJECTION["Mercator_Auxiliary_Sphere"],PARAMETER["False_Easting",0.0],PARAMETER["False_Northing",0.0],PARAMETER["Central_Meridian",0.0],PARAMETER["Standard_Parallel_1",0.0],PARAMETER["Auxiliary_Sphere_Type",0.0],UNIT["Meter",1.0]] # PROJCS["WGS_1984_UTM_Zone_29N",GEOGCS["GCS_WGS_1984",DATUM["D_WGS_1984",SPHEROID["WGS_1984",6378137.0,298.257223563]],PRIMEM["Greenwich",0.0],UNIT["Degree",0.0174532925199433]],PROJECTION["Transverse_Mercator"],PARAMETER["False_Easting",500000.0],PARAMETER["False_Northing",0.0],PARAMETER["Central_Meridian",-9.0],PARAMETER["Scale_Factor",0.9996],PARAMETER["Latitude_Of_Origin",0.0],UNIT["Meter",1.0]] NO_PRESERVE_SHAPE # NO_VERTICAL</Process><Process ToolSource="c:\program files\arcgis\pro\Resources\ArcToolbox\toolboxes\Conversion Tools.tbx\ExportFeatures" Date="20231124" Time="154611">ExportFeatures Wonegizi_PA_Project "C:\Users\ithomas\OneDrive - Fauna &amp; Flora\Documents\India GIS\Articulate\Basic Geoprocessing\Created materials\Protected Areas\Wonegizi PA.shp" # NOT_USE_ALIAS "WDPAID "WDPAID" true true false 8 Double 0 0,First,#,Wonegizi_PA_Project,WDPAID,-1,-1;WDPA_PID "WDPA_PID" true true false 8 Double 0 0,First,#,Wonegizi_PA_Project,WDPA_PID,-1,-1;PA_DEF "PA_DEF" true true false 80 Text 0 0,First,#,Wonegizi_PA_Project,PA_DEF,0,80;NAME "NAME" true true false 218 Text 0 0,First,#,Wonegizi_PA_Project,NAME,0,218;ORIG_NAME "ORIG_NAME" true true false 218 Text 0 0,First,#,Wonegizi_PA_Project,ORIG_NAME,0,218;DESIG "DESIG" true true false 95 Text 0 0,First,#,Wonegizi_PA_Project,DESIG,0,95;DESIG_ENG "DESIG_ENG" true true false 100 Text 0 0,First,#,Wonegizi_PA_Project,DESIG_ENG,0,100;DESIG_TYPE "DESIG_TYPE" true true false 80 Text 0 0,First,#,Wonegizi_PA_Project,DESIG_TYPE,0,80;IUCN_CAT "IUCN_CAT" true true false 80 Text 0 0,First,#,Wonegizi_PA_Project,IUCN_CAT,0,80;INT_CRIT "INT_CRIT" true true false 80 Text 0 0,First,#,Wonegizi_PA_Project,INT_CRIT,0,80;MARINE "MARINE" true true false 80 Text 0 0,First,#,Wonegizi_PA_Project,MARINE,0,80;REP_M_AREA "REP_M_AREA" true true false 8 Double 0 0,First,#,Wonegizi_PA_Project,REP_M_AREA,-1,-1;GIS_M_AREA "GIS_M_AREA" true true false 8 Double 0 0,First,#,Wonegizi_PA_Project,GIS_M_AREA,-1,-1;REP_AREA "REP_AREA" true true false 8 Double 0 0,First,#,Wonegizi_PA_Project,REP_AREA,-1,-1;GIS_AREA "GIS_AREA" true true false 8 Double 0 0,First,#,Wonegizi_PA_Project,GIS_AREA,-1,-1;NO_TAKE "NO_TAKE" true true false 80 Text 0 0,First,#,Wonegizi_PA_Project,NO_TAKE,0,80;NO_TK_AREA "NO_TK_AREA" true true false 8 Double 0 0,First,#,Wonegizi_PA_Project,NO_TK_AREA,-1,-1;STATUS "STATUS" true true false 80 Text 0 0,First,#,Wonegizi_PA_Project,STATUS,0,80;STATUS_YR "STATUS_YR" true true false 4 Long 0 0,First,#,Wonegizi_PA_Project,STATUS_YR,-1,-1;GOV_TYPE "GOV_TYPE" true true false 80 Text 0 0,First,#,Wonegizi_PA_Project,GOV_TYPE,0,80;OWN_TYPE "OWN_TYPE" true true false 80 Text 0 0,First,#,Wonegizi_PA_Project,OWN_TYPE,0,80;MANG_AUTH "MANG_AUTH" true true false 254 Text 0 0,First,#,Wonegizi_PA_Project,MANG_AUTH,0,254;MANG_PLAN "MANG_PLAN" true true false 254 Text 0 0,First,#,Wonegizi_PA_Project,MANG_PLAN,0,254;VERIF "VERIF" true true false 80 Text 0 0,First,#,Wonegizi_PA_Project,VERIF,0,80;METADATAID "METADATAID" true true false 4 Long 0 0,First,#,Wonegizi_PA_Project,METADATAID,-1,-1;SUB_LOC "SUB_LOC" true true false 80 Text 0 0,First,#,Wonegizi_PA_Project,SUB_LOC,0,80;PARENT_ISO "PARENT_ISO" true true false 80 Text 0 0,First,#,Wonegizi_PA_Project,PARENT_ISO,0,80;ISO3 "ISO3" true true false 80 Text 0 0,First,#,Wonegizi_PA_Project,ISO3,0,80;Shape_Leng "Shape_Leng" true true false 8 Double 0 0,First,#,Wonegizi_PA_Project,Shape_Leng,-1,-1;Shape_Le_1 "Shape_Le_1" true true false 8 Double 0 0,First,#,Wonegizi_PA_Project,Shape_Le_1,-1,-1;Shape_Length "Shape_Length" false true true 8 Double 0 0,First,#,Wonegizi_PA_Project,Shape_Length,-1,-1;Shape_Area "Shape_Area" false true true 8 Double 0 0,First,#,Wonegizi_PA_Project,Shape_Area,-1,-1" #</Process></lineage><copyHistory><copy source="E:\WABiCC_ZWW_LLA\Raw Data\Administrative Boundaries\BOUNDARIES\WONEGIZI_PA" dest="\\SGREGORYGISPC\E$\Landscape Level Assessment\data\raw\byTheme\protected area\WONEGIZI_PA" date="20190701" time="12074200"></copy></copyHistory></DataProperties><SyncDate>20231124</SyncDate><SyncTime>15461100</SyncTime><ModDate>20231124</ModDate><ModTime>15461100</ModTime></Esri><dataIdInfo><envirDesc Sync="TRUE">Microsoft Windows 10 Version 10.0 (Build 19045) ; Esri ArcGIS 13.0.0.36056</envirDesc><dataLang><languageCode value="eng" Sync="TRUE"></languageCode><countryCode value="GBR" Sync="TRUE"></countryCode></dataLang><idCitation><resTitle Sync="TRUE">Wonegizi PA</resTitle><presForm><PresFormCd value="005" Sync="TRUE"></PresFormCd></presForm></idCitation><spatRpType><SpatRepTypCd value="001" Sync="TRUE"></SpatRepTypCd></spatRpType></dataIdInfo><mdLang><languageCode value="eng" Sync="TRUE"></languageCode><countryCode value="GBR" Sync="TRUE"></countryCode></mdLang><mdChar><CharSetCd value="004" Sync="TRUE"></CharSetCd></mdChar><distInfo><distFormat><formatName Sync="TRUE">Shapefile</formatName></distFormat><distTranOps><transSize Sync="TRUE">0.000</transSize></distTranOps></distInfo><mdHrLv><ScopeCd value="005" Sync="TRUE"></ScopeCd></mdHrLv><mdHrLvName Sync="TRUE">dataset</mdHrLvName><refSysInfo><RefSystem><refSysID><identCode code="3857" Sync="TRUE"></identCode><idCodeSpace Sync="TRUE">EPSG</idCodeSpace><idVersion Sync="TRUE">6.18.3(9.3.1.2)</idVersion></refSysID></RefSystem></refSysInfo><spatRepInfo><VectSpatRep><geometObjs Name="Wonegizi PA"><geoObjTyp><GeoObjTypCd value="002" Sync="TRUE"></GeoObjTypCd></geoObjTyp><geoObjCnt Sync="TRUE">0</geoObjCnt></geometObjs><topLvl><TopoLevCd value="001" Sync="TRUE"></TopoLevCd></topLvl></VectSpatRep></spatRepInfo><spdoinfo><ptvctinf><esriterm Name="Wonegizi PA"><efeatyp Sync="TRUE">Simple</efeatyp><efeageom code="4" Sync="TRUE"></efeageom><esritopo Sync="TRUE">FALSE</esritopo><efeacnt Sync="TRUE">0</efeacnt><spindex Sync="TRUE">FALSE</spindex><linrefer Sync="TRUE">FALSE</linrefer></esriterm></ptvctinf></spdoinfo><eainfo><detailed Name="Wonegizi PA"><enttyp><enttypl Sync="TRUE">Wonegizi PA</enttypl><enttypt Sync="TRUE">Feature Class</enttypt><enttypc Sync="TRUE">0</enttypc></enttyp><attr><attrlabl Sync="TRUE">FID</attrlabl><attalias Sync="TRUE">FID</attalias><attrtype Sync="TRUE">OID</attrtype><attwidth Sync="TRUE">4</attwidth><atprecis Sync="TRUE">0</atprecis><attscale Sync="TRUE">0</attscale><attrdef Sync="TRUE">Internal feature number.</attrdef><attrdefs Sync="TRUE">Esri</attrdefs><attrdomv><udom Sync="TRUE">Sequential unique whole numbers that are automatically generated.</udom></attrdomv></attr><attr><attrlabl Sync="TRUE">Shape</attrlabl><attalias Sync="TRUE">Shape</attalias><attrtype Sync="TRUE">Geometry</attrtype><attwidth Sync="TRUE">0</attwidth><atprecis Sync="TRUE">0</atprecis><attscale Sync="TRUE">0</attscale><attrdef Sync="TRUE">Feature geometry.</attrdef><attrdefs Sync="TRUE">Esri</attrdefs><attrdomv><udom Sync="TRUE">Coordinates defining the features.</udom></attrdomv></attr><attr><attrlabl Sync="TRUE">WDPAID</attrlabl><attalias Sync="TRUE">WDPAID</attalias><attrtype Sync="TRUE">Double</attrtype><attwidth Sync="TRUE">19</attwidth><atprecis Sync="TRUE">0</atprecis><attscale Sync="TRUE">0</attscale></attr><attr><attrlabl Sync="TRUE">WDPA_PID</attrlabl><attalias Sync="TRUE">WDPA_PID</attalias><attrtype Sync="TRUE">Double</attrtype><attwidth Sync="TRUE">19</attwidth><atprecis Sync="TRUE">0</atprecis><attscale Sync="TRUE">0</attscale></attr><attr><attrlabl Sync="TRUE">PA_DEF</attrlabl><attalias Sync="TRUE">PA_DEF</attalias><attrtype Sync="TRUE">String</attrtype><attwidth Sync="TRUE">80</attwidth><atprecis Sync="TRUE">0</atprecis><attscale Sync="TRUE">0</attscale></attr><attr><attrlabl Sync="TRUE">NAME</attrlabl><attalias Sync="TRUE">NAME</attalias><attrtype Sync="TRUE">String</attrtype><attwidth Sync="TRUE">218</attwidth><atprecis Sync="TRUE">0</atprecis><attscale Sync="TRUE">0</attscale></attr><attr><attrlabl Sync="TRUE">ORIG_NAME</attrlabl><attalias Sync="TRUE">ORIG_NAME</attalias><attrtype Sync="TRUE">String</attrtype><attwidth Sync="TRUE">218</attwidth><atprecis Sync="TRUE">0</atprecis><attscale Sync="TRUE">0</attscale></attr><attr><attrlabl Sync="TRUE">DESIG</attrlabl><attalias Sync="TRUE">DESIG</attalias><attrtype Sync="TRUE">String</attrtype><attwidth Sync="TRUE">95</attwidth><atprecis Sync="TRUE">0</atprecis><attscale Sync="TRUE">0</attscale></attr><attr><attrlabl Sync="TRUE">DESIG_ENG</attrlabl><attalias Sync="TRUE">DESIG_ENG</attalias><attrtype Sync="TRUE">String</attrtype><attwidth Sync="TRUE">100</attwidth><atprecis Sync="TRUE">0</atprecis><attscale Sync="TRUE">0</attscale></attr><attr><attrlabl Sync="TRUE">DESIG_TYPE</attrlabl><attalias Sync="TRUE">DESIG_TYPE</attalias><attrtype Sync="TRUE">String</attrtype><attwidth Sync="TRUE">80</attwidth><atprecis Sync="TRUE">0</atprecis><attscale Sync="TRUE">0</attscale></attr><attr><attrlabl Sync="TRUE">IUCN_CAT</attrlabl><attalias Sync="TRUE">IUCN_CAT</attalias><attrtype Sync="TRUE">String</attrtype><attwidth Sync="TRUE">80</attwidth><atprecis Sync="TRUE">0</atprecis><attscale Sync="TRUE">0</attscale></attr><attr><attrlabl Sync="TRUE">INT_CRIT</attrlabl><attalias Sync="TRUE">INT_CRIT</attalias><attrtype Sync="TRUE">String</attrtype><attwidth Sync="TRUE">80</attwidth><atprecis Sync="TRUE">0</atprecis><attscale Sync="TRUE">0</attscale></attr><attr><attrlabl Sync="TRUE">MARINE</attrlabl><attalias Sync="TRUE">MARINE</attalias><attrtype Sync="TRUE">String</attrtype><attwidth Sync="TRUE">80</attwidth><atprecis Sync="TRUE">0</atprecis><attscale Sync="TRUE">0</attscale></attr><attr><attrlabl Sync="TRUE">REP_M_AREA</attrlabl><attalias Sync="TRUE">REP_M_AREA</attalias><attrtype Sync="TRUE">Double</attrtype><attwidth Sync="TRUE">19</attwidth><atprecis Sync="TRUE">0</atprecis><attscale Sync="TRUE">0</attscale></attr><attr><attrlabl Sync="TRUE">GIS_M_AREA</attrlabl><attalias Sync="TRUE">GIS_M_AREA</attalias><attrtype Sync="TRUE">Double</attrtype><attwidth Sync="TRUE">19</attwidth><atprecis Sync="TRUE">0</atprecis><attscale Sync="TRUE">0</attscale></attr><attr><attrlabl Sync="TRUE">REP_AREA</attrlabl><attalias Sync="TRUE">REP_AREA</attalias><attrtype Sync="TRUE">Double</attrtype><attwidth Sync="TRUE">19</attwidth><atprecis Sync="TRUE">0</atprecis><attscale Sync="TRUE">0</attscale></attr><attr><attrlabl Sync="TRUE">GIS_AREA</attrlabl><attalias Sync="TRUE">GIS_AREA</attalias><attrtype Sync="TRUE">Double</attrtype><attwidth Sync="TRUE">19</attwidth><atprecis Sync="TRUE">0</atprecis><attscale Sync="TRUE">0</attscale></attr><attr><attrlabl Sync="TRUE">NO_TAKE</attrlabl><attalias Sync="TRUE">NO_TAKE</attalias><attrtype Sync="TRUE">String</attrtype><attwidth Sync="TRUE">80</attwidth><atprecis Sync="TRUE">0</atprecis><attscale Sync="TRUE">0</attscale></attr><attr><attrlabl Sync="TRUE">NO_TK_AREA</attrlabl><attalias Sync="TRUE">NO_TK_AREA</attalias><attrtype Sync="TRUE">Double</attrtype><attwidth Sync="TRUE">19</attwidth><atprecis Sync="TRUE">0</atprecis><attscale Sync="TRUE">0</attscale></attr><attr><attrlabl Sync="TRUE">STATUS</attrlabl><attalias Sync="TRUE">STATUS</attalias><attrtype Sync="TRUE">String</attrtype><attwidth Sync="TRUE">80</attwidth><atprecis Sync="TRUE">0</atprecis><attscale Sync="TRUE">0</attscale></attr><attr><attrlabl Sync="TRUE">STATUS_YR</attrlabl><attalias Sync="TRUE">STATUS_YR</attalias><attrtype Sync="TRUE">Integer</attrtype><attwidth Sync="TRUE">10</attwidth><atprecis Sync="TRUE">10</atprecis><attscale Sync="TRUE">0</attscale></attr><attr><attrlabl Sync="TRUE">GOV_TYPE</attrlabl><attalias Sync="TRUE">GOV_TYPE</attalias><attrtype Sync="TRUE">String</attrtype><attwidth Sync="TRUE">80</attwidth><atprecis Sync="TRUE">0</atprecis><attscale Sync="TRUE">0</attscale></attr><attr><attrlabl Sync="TRUE">OWN_TYPE</attrlabl><attalias Sync="TRUE">OWN_TYPE</attalias><attrtype Sync="TRUE">String</attrtype><attwidth Sync="TRUE">80</attwidth><atprecis Sync="TRUE">0</atprecis><attscale Sync="TRUE">0</attscale></attr><attr><attrlabl Sync="TRUE">MANG_AUTH</attrlabl><attalias Sync="TRUE">MANG_AUTH</attalias><attrtype Sync="TRUE">String</attrtype><attwidth Sync="TRUE">254</attwidth><atprecis Sync="TRUE">0</atprecis><attscale Sync="TRUE">0</attscale></attr><attr><attrlabl Sync="TRUE">MANG_PLAN</attrlabl><attalias Sync="TRUE">MANG_PLAN</attalias><attrtype Sync="TRUE">String</attrtype><attwidth Sync="TRUE">254</attwidth><atprecis Sync="TRUE">0</atprecis><attscale Sync="TRUE">0</attscale></attr><attr><attrlabl Sync="TRUE">VERIF</attrlabl><attalias Sync="TRUE">VERIF</attalias><attrtype Sync="TRUE">String</attrtype><attwidth Sync="TRUE">80</attwidth><atprecis Sync="TRUE">0</atprecis><attscale Sync="TRUE">0</attscale></attr><attr><attrlabl Sync="TRUE">METADATAID</attrlabl><attalias Sync="TRUE">METADATAID</attalias><attrtype Sync="TRUE">Integer</attrtype><attwidth Sync="TRUE">10</attwidth><atprecis Sync="TRUE">10</atprecis><attscale Sync="TRUE">0</attscale></attr><attr><attrlabl Sync="TRUE">SUB_LOC</attrlabl><attalias Sync="TRUE">SUB_LOC</attalias><attrtype Sync="TRUE">String</attrtype><attwidth Sync="TRUE">80</attwidth><atprecis Sync="TRUE">0</atprecis><attscale Sync="TRUE">0</attscale></attr><attr><attrlabl Sync="TRUE">PARENT_ISO</attrlabl><attalias Sync="TRUE">PARENT_ISO</attalias><attrtype Sync="TRUE">String</attrtype><attwidth Sync="TRUE">80</attwidth><atprecis Sync="TRUE">0</atprecis><attscale Sync="TRUE">0</attscale></attr><attr><attrlabl Sync="TRUE">ISO3</attrlabl><attalias Sync="TRUE">ISO3</attalias><attrtype Sync="TRUE">String</attrtype><attwidth Sync="TRUE">80</attwidth><atprecis Sync="TRUE">0</atprecis><attscale Sync="TRUE">0</attscale></attr><attr><attrlabl Sync="TRUE">Shape_Leng</attrlabl><attalias Sync="TRUE">Shape_Leng</attalias><attrtype Sync="TRUE">Double</attrtype><attwidth Sync="TRUE">19</attwidth><atprecis Sync="TRUE">0</atprecis><attscale Sync="TRUE">0</attscale></attr><attr><attrlabl Sync="TRUE">Shape_Le_1</attrlabl><attalias Sync="TRUE">Shape_Le_1</attalias><attrtype Sync="TRUE">Double</attrtype><attwidth Sync="TRUE">19</attwidth><atprecis Sync="TRUE">0</atprecis><attscale Sync="TRUE">0</attscale></attr><attr><attrlabl Sync="TRUE">Shape_Le_2</attrlabl><attalias Sync="TRUE">Shape_Le_2</attalias><attrtype Sync="TRUE">Double</attrtype><attwidth Sync="TRUE">19</attwidth><atprecis Sync="TRUE">0</atprecis><attscale Sync="TRUE">0</attscale></attr><attr><attrlabl Sync="TRUE">Shape_Area</attrlabl><attalias Sync="TRUE">Shape_Area</attalias><attrtype Sync="TRUE">Double</attrtype><attwidth Sync="TRUE">19</attwidth><atprecis Sync="TRUE">0</atprecis><attscale Sync="TRUE">0</attscale><attrdef Sync="TRUE">Area of feature in internal units squared.</attrdef><attrdefs Sync="TRUE">Esri</attrdefs><attrdomv><udom Sync="TRUE">Positive real numbers that are automatically generated.</udom></attrdomv></attr></detailed></eainfo><mdDateSt Sync="TRUE">20231124</mdDateSt></metadata>
